"train/episode","dart_enabled: true - train/objective/scores","dart_enabled: true - train/objective/scores__MIN","dart_enabled: true - train/objective/scores__MAX","dart_enabled: true - _step","dart_enabled: true - _step__MIN","dart_enabled: true - _step__MAX","dart_enabled: false - train/objective/scores","dart_enabled: false - train/objective/scores__MIN","dart_enabled: false - train/objective/scores__MAX","dart_enabled: false - _step","dart_enabled: false - _step__MIN","dart_enabled: false - _step__MAX"
"128","2.1375","2.015625","2.21875","0","0","0","2.1375","2.015625","2.21875","0","0","0"
"256","2.090625","2.03125","2.203125","2","2","2","2.1578125","1.9609375","2.28125","2","2","2"
"384","2.1265625","1.8515625","2.34375","3","3","3","2.215625","2.078125","2.4375","3","3","3"
"512","2.171875","2.109375","2.25","4","4","4","2.23125","2.09375","2.328125","4","4","4"
"640","2.2484375","1.9921875","2.40625","5","5","5","2.1703125","1.9453125","2.3125","5","5","5"
"768","2.25625","2.015625","2.375","6","6","6","2.228125","2.03125","2.421875","6","6","6"
"896","2.159375","2.046875","2.3125","7","7","7","2.115625","2.078125","2.171875","7","7","7"
"1024","2.18125","2.0625","2.3125","8","8","8","2.1125","2.03125","2.21875","8","8","8"
"1152","2.196875","1.953125","2.328125","9","9","9","2.1375","1.96875","2.34375","9","9","9"
"1280","2.2546875","1.9765625","2.40625","10","10","10","2.203125","2.0625","2.25","10","10","10"
"1408","2.1625","2.03125","2.40625","11","11","11","2.2375","2.0625","2.46875","11","11","11"
"1536","2.15625","1.78125","2.375","12","12","12","2.128125","1.921875","2.453125","12","12","12"
"1664","2.209375","1.90625","2.5","13","13","13","2.3","2.1875","2.46875","13","13","13"
"1792","2.146875","2.078125","2.25","14","14","14","2.159375","2.046875","2.28125","14","14","14"
"1920","2.3125","2.21875","2.375","15","15","15","2.30625","2.140625","2.40625","15","15","15"
"2048","2.25","2.125","2.359375","16","16","16","2.23125","2.15625","2.34375","16","16","16"
"2176","2.259375","2.078125","2.5625","17","17","17","2.2875","2.1875","2.375","17","17","17"
"2304","2.38125","2.28125","2.53125","18","18","18","2.2625","1.953125","2.59375","18","18","18"
"2432","2.34375","2.03125","2.703125","19","19","19","2.359375","2.109375","2.765625","19","19","19"
"2560","2.36875","2.15625","2.46875","20","20","20","2.359375","2.109375","2.578125","20","20","20"
"2688","2.18125","1.875","2.40625","21","21","21","2.359375","2.125","2.640625","21","21","21"
"2816","2.334375","2.265625","2.4375","22","22","22","2.378125","2.046875","2.6875","22","22","22"
"2944","2.4125","2.3125","2.5625","23","23","23","2.496875","2.4375","2.5625","23","23","23"
"3072","2.33125","2.203125","2.5625","24","24","24","2.43125","2.34375","2.53125","24","24","24"
"3200","2.4875","2.171875","2.65625","25","25","25","2.515625","2.140625","2.71875","25","25","25"
"3328","2.43125","2.28125","2.71875","26","26","26","2.55","2.3125","2.8125","26","26","26"
"3456","2.634375","2.34375","3.15625","27","27","27","2.575","2.4375","2.71875","27","27","27"
"3584","2.44375","2.171875","2.625","28","28","28","2.5875","2.3125","2.9375","28","28","28"
"3712","2.653125","2.359375","2.90625","29","29","29","2.7625","2.5","3.09375","29","29","29"
"3840","2.58125","2.4375","2.90625","30","30","30","2.59375","2.453125","2.71875","30","30","30"
"3968","2.6875","2.40625","2.8125","31","31","31","2.76875","2.46875","3.09375","31","31","31"
"4096","2.775","2.65625","2.828125","32","32","32","2.8","2.71875","2.875","32","32","32"
"4224","2.790625","2.625","2.9375","33","33","33","2.765625","2.546875","2.875","33","33","33"
"4352","2.69375","2.46875","2.84375","34","34","34","2.853125","2.6875","3.03125","34","34","34"
"4480","2.771875","2.625","2.9375","35","35","35","2.80625","2.625","2.9375","35","35","35"
"4608","2.796875","2.53125","3.046875","36","36","36","2.815625","2.640625","2.96875","36","36","36"
"4736","2.93125","2.875","2.96875","37","37","37","2.790625","2.53125","2.921875","37","37","37"
"4864","2.9125","2.71875","3.125","38","38","38","3.04375","2.75","3.1875","38","38","38"
"4992","2.915625","2.734375","3.140625","39","39","39","2.91875","2.734375","3.0625","39","39","39"
"5120","2.85625","2.625","3.1875","40","40","40","2.865625","2.75","3","40","40","40"
"5248","2.94375","2.71875","3.0625","42","42","42","3","2.78125","3.125","42","42","42"
"5376","3.0125","2.84375","3.1875","43","43","43","3.053125","2.828125","3.3125","43","43","43"
"5504","2.878125","2.6875","3.125","44","44","44","3.003125","2.875","3.09375","44","44","44"
"5632","3.0125","2.9375","3.234375","45","45","45","3.053125","2.890625","3.234375","45","45","45"
"5760","2.95625","2.71875","3.1875","46","46","46","2.959375","2.71875","3.125","46","46","46"
"5888","3.14375","2.96875","3.3125","47","47","47","3.003125","2.53125","3.28125","47","47","47"
"6016","3.040625","2.75","3.21875","48","48","48","3.04375","2.6875","3.359375","48","48","48"
"6144","3.209375","2.890625","3.40625","49","49","49","3.246875","3.125","3.40625","49","49","49"
"6272","3.165625","2.96875","3.265625","50","50","50","3.196875","3.078125","3.34375","50","50","50"
"6400","3.06875","2.8125","3.3125","51","51","51","3.0625","2.921875","3.25","51","51","51"
"6528","3.11875","2.84375","3.4375","52","52","52","3.109375","2.765625","3.328125","52","52","52"
"6656","3.203125","2.9375","3.34375","53","53","53","3.140625","3.015625","3.28125","53","53","53"
"6784","3.178125","3.03125","3.375","54","54","54","3.19375","3","3.375","54","54","54"
"6912","3.25625","3.15625","3.4375","55","55","55","3.2","3.125","3.3125","55","55","55"
"7040","3.3","3.171875","3.375","56","56","56","3.384375","3.1875","3.5","56","56","56"
"7168","3.24375","3.0625","3.421875","57","57","57","3.24375","3.0625","3.4375","57","57","57"
"7296","3.3875","3.046875","3.6875","58","58","58","3.25","3.15625","3.4375","58","58","58"
"7424","3.3875","3.1875","3.6875","59","59","59","3.446875","3.328125","3.71875","59","59","59"
"7552","3.20625","3.125","3.328125","60","60","60","3.25","3.125","3.34375","60","60","60"
"7680","3.434375","3.28125","3.59375","61","61","61","3.4","3.21875","3.578125","61","61","61"
"7808","3.43125","3.34375","3.5625","62","62","62","3.328125","3.140625","3.59375","62","62","62"
"7936","3.5","3.4375","3.59375","63","63","63","3.4625","3.15625","3.78125","63","63","63"
"8064","3.390625","3.21875","3.578125","64","64","64","3.3625","3.15625","3.625","64","64","64"
"8192","3.4","3.3125","3.53125","65","65","65","3.41875","3.140625","3.65625","65","65","65"
"8320","3.5125","3.375","3.65625","66","66","66","3.421875","3.375","3.5","66","66","66"
"8448","3.5","3.34375","3.65625","67","67","67","3.48125","3.28125","3.625","67","67","67"
"8576","3.48125","3.28125","3.59375","68","68","68","3.496875","3.28125","3.671875","68","68","68"
"8704","3.525","3.375","3.6875","69","69","69","3.465625","3.3125","3.578125","69","69","69"
"8832","3.45","3.3125","3.5625","70","70","70","3.403125","3.1875","3.65625","70","70","70"
"8960","3.5","3.234375","3.703125","71","71","71","3.50625","3.3125","3.703125","71","71","71"
"9088","3.58125","3.453125","3.78125","72","72","72","3.51875","3.25","3.734375","72","72","72"
"9216","3.471875","3.375","3.5625","73","73","73","3.465625","3.375","3.53125","73","73","73"
"9344","3.565625","3.453125","3.609375","74","74","74","3.553125","3.40625","3.625","74","74","74"
"9472","3.515625","3.34375","3.65625","75","75","75","3.48125","3.28125","3.65625","75","75","75"
"9600","3.521875","3.421875","3.609375","76","76","76","3.478125","3.375","3.53125","76","76","76"
"9728","3.646875","3.53125","3.796875","77","77","77","3.575","3.40625","3.71875","77","77","77"
"9856","3.528125","3.296875","3.71875","78","78","78","3.584375","3.4375","3.734375","78","78","78"
"9984","3.525","3.328125","3.6875","79","79","79","3.53125","3.453125","3.640625","79","79","79"
"10112","3.49375","3.34375","3.6875","80","80","80","3.4875","3.28125","3.5625","80","80","80"
"10240","3.684375","3.625","3.859375","82","82","82","3.65","3.484375","3.765625","82","82","82"
"10368","3.534375","3.34375","3.765625","83","83","83","3.49375","3.21875","3.8125","83","83","83"
"10496","3.49375","3.375","3.671875","84","84","84","3.575","3.453125","3.734375","84","84","84"
"10624","3.5625","3.375","3.8125","85","85","85","3.621875","3.46875","3.75","85","85","85"
"10752","3.6125","3.53125","3.71875","86","86","86","3.63125","3.390625","3.84375","86","86","86"
"10880","3.634375","3.53125","3.734375","87","87","87","3.646875","3.4375","3.84375","87","87","87"
"11008","3.521875","3.28125","3.6875","88","88","88","3.56875","3.34375","3.6875","88","88","88"
"11136","3.625","3.5","3.875","89","89","89","3.6","3.46875","3.78125","89","89","89"
"11264","3.721875","3.640625","3.875","90","90","90","3.778125","3.6875","3.90625","90","90","90"
"11392","3.56875","3.5","3.703125","91","91","91","3.571875","3.46875","3.71875","91","91","91"
"11520","3.60625","3.46875","3.75","92","92","92","3.646875","3.53125","3.75","92","92","92"
"11648","3.6125","3.40625","3.890625","93","93","93","3.603125","3.5","3.6875","93","93","93"
"11776","3.7125","3.625","3.875","94","94","94","3.653125","3.4375","3.75","94","94","94"
"11904","3.690625","3.53125","3.828125","95","95","95","3.66875","3.53125","3.875","95","95","95"
"12032","3.8","3.703125","3.90625","96","96","96","3.759375","3.625","3.84375","96","96","96"
"12160","3.753125","3.5625","4","97","97","97","3.65","3.46875","3.90625","97","97","97"
"12288","3.7625","3.59375","3.96875","98","98","98","3.596875","3.421875","3.859375","98","98","98"
"12416","3.828125","3.46875","4.125","99","99","99","3.709375","3.5","3.90625","99","99","99"
"12544","3.89375","3.75","4.09375","100","100","100","3.71875","3.5625","3.96875","100","100","100"
"12672","3.703125","3.328125","4.0625","101","101","101","3.64375","3.40625","3.90625","101","101","101"
"12800","3.7875","3.5","4.0625","102","102","102","3.703125","3.59375","3.96875","102","102","102"
"12928","3.809375","3.71875","3.875","103","103","103","3.790625","3.65625","4.0625","103","103","103"
"13056","3.84375","3.75","3.90625","104","104","104","3.81875","3.71875","3.96875","104","104","104"
"13184","3.828125","3.6875","3.9375","105","105","105","3.8","3.6875","3.875","105","105","105"
"13312","3.7","3.65625","3.78125","106","106","106","3.7375","3.609375","3.890625","106","106","106"
"13440","3.84375","3.71875","3.96875","107","107","107","3.7875","3.65625","3.875","107","107","107"
"13568","3.740625","3.65625","3.890625","108","108","108","3.75","3.46875","3.96875","108","108","108"
"13696","3.75","3.59375","3.90625","109","109","109","3.7375","3.59375","3.984375","109","109","109"
"13824","3.69375","3.375","4.0625","110","110","110","3.76875","3.484375","4","110","110","110"
"13952","3.775","3.625","3.9375","111","111","111","3.765625","3.65625","3.953125","111","111","111"
"14080","3.759375","3.6875","3.875","112","112","112","3.690625","3.5625","3.734375","112","112","112"
"14208","3.9","3.75","4.0625","113","113","113","3.853125","3.6875","3.96875","113","113","113"
"14336","3.76875","3.5625","3.9375","114","114","114","3.73125","3.59375","3.953125","114","114","114"
"14464","3.828125","3.75","3.90625","115","115","115","3.765625","3.703125","3.859375","115","115","115"
"14592","3.7375","3.625","3.8125","116","116","116","3.8125","3.65625","4","116","116","116"
"14720","3.928125","3.59375","4.3125","117","117","117","3.865625","3.65625","4.21875","117","117","117"
"14848","3.86875","3.71875","3.9375","118","118","118","3.95625","3.578125","4.15625","118","118","118"
"14976","3.871875","3.625","4.0625","119","119","119","3.825","3.421875","4.0625","119","119","119"
"15104","3.85625","3.71875","4.03125","120","120","120","3.815625","3.59375","3.9375","120","120","120"
"15232","3.853125","3.5","4.0625","122","122","122","3.7625","3.46875","4.03125","122","122","122"
"15360","3.828125","3.75","3.921875","123","123","123","3.89375","3.8125","4.03125","123","123","123"
"15488","3.8625","3.703125","4.0625","124","124","124","3.9125","3.6875","4.0625","124","124","124"
"15616","3.90625","3.734375","4.03125","125","125","125","3.859375","3.765625","4.0625","125","125","125"
"15744","3.95","3.71875","4.0625","126","126","126","3.890625","3.796875","4","126","126","126"
"15872","3.79375","3.59375","4.1875","127","127","127","3.903125","3.6875","4.21875","127","127","127"
"16000","3.85","3.625","4.1875","128","128","128","3.828125","3.5","4.03125","128","128","128"
"16128","3.821875","3.6875","4","129","129","129","3.85625","3.640625","4.125","129","129","129"
"16256","3.859375","3.71875","3.953125","130","130","130","3.84375","3.65625","4.03125","130","130","130"
"16384","3.903125","3.75","4.125","131","131","131","3.928125","3.71875","4.125","131","131","131"
"16512","3.753125","3.5","4","132","132","132","3.821875","3.625","4.03125","132","132","132"
"16640","3.7625","3.625","3.90625","133","133","133","3.81875","3.71875","4.03125","133","133","133"
"16768","3.7625","3.65625","4","134","134","134","3.840625","3.6875","3.953125","134","134","134"
"16896","3.9","3.765625","4.03125","135","135","135","3.875","3.78125","4","135","135","135"
"17024","3.94375","3.78125","4.125","136","136","136","3.88125","3.78125","4.1875","136","136","136"
"17152","3.984375","3.859375","4.09375","137","137","137","3.95","3.75","4.125","137","137","137"
"17280","3.915625","3.71875","4.125","138","138","138","3.99375","3.84375","4.0625","138","138","138"
"17408","3.95625","3.8125","4.09375","139","139","139","3.94375","3.765625","4.1875","139","139","139"
"17536","3.915625","3.78125","4.03125","140","140","140","3.99375","3.90625","4.125","140","140","140"
"17664","3.825","3.53125","4.0625","141","141","141","3.875","3.515625","4.25","141","141","141"
"17792","4.00625","3.8125","4.125","142","142","142","4.034375","3.921875","4.125","142","142","142"
"17920","4.021875","3.9375","4.125","143","143","143","4.0125","3.875","4.09375","143","143","143"
"18048","3.94375","3.71875","4.125","144","144","144","3.94375","3.8125","4.03125","144","144","144"
"18176","3.984375","3.8125","4.1875","145","145","145","4.06875","3.84375","4.1875","145","145","145"
"18304","4.03125","3.875","4.25","146","146","146","4.025","3.90625","4.0625","146","146","146"
"18432","3.921875","3.8125","3.984375","147","147","147","3.79375","3.6875","3.859375","147","147","147"
"18560","3.971875","3.78125","4.15625","148","148","148","4.0625","3.875","4.3125","148","148","148"
"18688","3.921875","3.78125","4.0625","149","149","149","3.99375","3.8125","4.125","149","149","149"
"18816","4.0125","3.890625","4.09375","150","150","150","3.990625","3.90625","4.25","150","150","150"
"18944","3.853125","3.625","4.0625","151","151","151","3.896875","3.5625","4.1875","151","151","151"
"19072","3.9","3.71875","4.125","152","152","152","3.915625","3.765625","4","152","152","152"
"19200","3.8625","3.78125","3.96875","153","153","153","3.865625","3.71875","4","153","153","153"
"19328","3.975","3.75","4.21875","154","154","154","4.00625","3.75","4.1875","154","154","154"
"19456","3.94375","3.6875","4.1875","155","155","155","3.9875","3.9375","4.09375","155","155","155"
"19584","4.078125","3.84375","4.34375","156","156","156","4.015625","3.890625","4.1875","156","156","156"
"19712","4.05625","3.875","4.1875","157","157","157","4.08125","3.8125","4.3125","157","157","157"
"19840","3.91875","3.78125","4.03125","158","158","158","3.915625","3.6875","4.25","158","158","158"
"19968","3.959375","3.625","4.1875","159","159","159","3.940625","3.78125","4.125","159","159","159"
"20096","3.975","3.875","4.125","160","160","160","3.984375","3.9375","4.03125","160","160","160"
"20224","4.034375","3.84375","4.1875","162","162","162","4.0625","3.84375","4.375","162","162","162"
"20352","3.93125","3.71875","4.1875","163","163","163","3.94375","3.6875","4.1875","163","163","163"
"20480","4.04375","3.84375","4.1875","164","164","164","4.109375","3.953125","4.25","164","164","164"
"20608","3.8875","3.578125","4.0625","165","165","165","3.98125","3.84375","4.25","165","165","165"
"20736","3.884375","3.515625","4.15625","166","166","166","3.88125","3.703125","4","166","166","166"
"20864","3.971875","3.859375","4.0625","167","167","167","3.984375","3.90625","4.03125","167","167","167"
"20992","4","3.84375","4.1875","168","168","168","3.971875","3.609375","4.25","168","168","168"
"21120","3.946875","3.796875","4.15625","169","169","169","4.003125","3.734375","4.125","169","169","169"
"21248","4.01875","3.90625","4.125","170","170","170","4.04375","3.875","4.21875","170","170","170"
"21376","4.084375","3.90625","4.25","171","171","171","3.975","3.796875","4.125","171","171","171"
"21504","4.06875","3.8125","4.1875","172","172","172","4.046875","3.921875","4.125","172","172","172"
"21632","4.05625","4","4.125","173","173","173","3.98125","3.75","4.34375","173","173","173"
"21760","4.175","4.0625","4.4375","174","174","174","4.03125","3.71875","4.25","174","174","174"
"21888","4.178125","3.796875","4.5","175","175","175","4.03125","3.78125","4.375","175","175","175"
"22016","4.059375","3.90625","4.1875","176","176","176","3.93125","3.6875","4.125","176","176","176"
"22144","4.25625","4.0625","4.375","177","177","177","4.04375","3.875","4.1875","177","177","177"
"22272","4.28125","4.125","4.375","178","178","178","4.109375","3.921875","4.3125","178","178","178"
"22400","4.225","4.125","4.3125","179","179","179","4.0375","3.90625","4.375","179","179","179"
"22528","4.36875","4.0625","4.78125","180","180","180","4.125","4.0625","4.25","180","180","180"
"22656","4.2875","4.125","4.625","181","181","181","4.0125","3.8125","4.15625","181","181","181"
"22784","4.31875","4.0625","4.5625","182","182","182","3.984375","3.625","4.3125","182","182","182"
"22912","4.3375","4.1875","4.5625","183","183","183","4.025","3.875","4.125","183","183","183"
"23040","4.2375","4.0625","4.3125","184","184","184","4.046875","3.9375","4.25","184","184","184"
"23168","4.26875","4.03125","4.53125","185","185","185","4.003125","3.828125","4.28125","185","185","185"
"23296","4.3875","4.3125","4.5","186","186","186","4.059375","3.828125","4.40625","186","186","186"
"23424","4.29375","4.0625","4.4375","187","187","187","3.975","3.765625","4.09375","187","187","187"
"23552","4.4","4.25","4.75","188","188","188","4.225","4.0625","4.46875","188","188","188"
"23680","4.2875","4.0625","4.5625","189","189","189","4.109375","3.921875","4.25","189","189","189"
"23808","4.25","4.125","4.375","190","190","190","3.9625","3.875","4.1875","190","190","190"
"23936","4.33125","4.1875","4.5","191","191","191","4.04375","3.90625","4.125","191","191","191"
"24064","4.29375","4.1875","4.375","192","192","192","4.0625","3.875","4.1875","192","192","192"
"24192","4.35625","4.28125","4.4375","193","193","193","4.11875","3.96875","4.25","193","193","193"
"24320","4.425","4.25","4.59375","194","194","194","4.06875","4","4.1875","194","194","194"
"24448","4.475","4.28125","4.625","195","195","195","4.1375","3.96875","4.25","195","195","195"
"24576","4.50625","4.28125","4.75","196","196","196","4.16875","4.09375","4.25","196","196","196"
"24704","4.45625","4.1875","4.65625","197","197","197","4.084375","3.921875","4.1875","197","197","197"
"24832","4.54375","4.40625","4.8125","198","198","198","4.13125","4.0625","4.21875","198","198","198"
"24960","4.425","4.3125","4.5625","199","199","199","4.046875","3.984375","4.125","199","199","199"
"25088","4.45","4.09375","4.75","200","200","200","4.05625","3.75","4.53125","200","200","200"
"25216","4.44375","4.25","4.875","202","202","202","4.134375","3.90625","4.46875","202","202","202"
"25344","4.33125","4.125","4.5625","203","203","203","4.028125","3.859375","4.21875","203","203","203"
"25472","4.4375","4.25","4.625","204","204","204","4.11875","3.90625","4.25","204","204","204"
"25600","4.30625","4.09375","4.5625","205","205","205","4.153125","3.765625","4.5","205","205","205"
"25728","4.5","4.25","4.65625","206","206","206","4.103125","3.890625","4.3125","206","206","206"
"25856","4.60625","4.5","4.8125","207","207","207","4.19375","4.03125","4.4375","207","207","207"
"25984","4.5625","4.28125","4.6875","208","208","208","4.14375","3.9375","4.3125","208","208","208"
"26112","4.525","4.3125","4.875","209","209","209","4.11875","3.84375","4.375","209","209","209"
"26240","4.48125","4.25","4.6875","210","210","210","4.065625","3.90625","4.3125","210","210","210"
"26368","4.44375","4.3125","4.59375","211","211","211","4.06875","3.90625","4.3125","211","211","211"
"26496","4.475","4.25","4.84375","212","212","212","4.18125","4.0625","4.3125","212","212","212"
"26624","4.5375","4.28125","4.75","213","213","213","4.2","4.125","4.3125","213","213","213"
"26752","4.53125","4.4375","4.71875","214","214","214","4.15625","4.0625","4.25","214","214","214"
"26880","4.54375","4.3125","4.75","215","215","215","4.1875","4.125","4.25","215","215","215"
"27008","4.53125","4.34375","4.625","216","216","216","4.215625","3.984375","4.28125","216","216","216"
"27136","4.61875","4.5625","4.6875","217","217","217","4.26875","4.1875","4.375","217","217","217"
"27264","4.6625","4.5","4.875","218","218","218","4.28125","4.21875","4.3125","218","218","218"
"27392","4.59375","4.3125","5.125","219","219","219","4.2125","4.03125","4.5","219","219","219"
"27520","4.41875","4.3125","4.59375","220","220","220","4.1125","3.875","4.25","220","220","220"
"27648","4.5875","4.5","4.625","221","221","221","4.2","4.125","4.34375","221","221","221"
"27776","4.575","4.5","4.8125","222","222","222","4.2125","4","4.375","222","222","222"
"27904","4.74375","4.1875","5.09375","223","223","223","4.3","4.0625","4.4375","223","223","223"
"28032","4.6125","4.53125","4.75","224","224","224","4.25625","4.1875","4.375","224","224","224"
"28160","4.45625","4.3125","4.59375","225","225","225","4.2375","4.125","4.40625","225","225","225"
"28288","4.58125","4.5625","4.59375","226","226","226","4.171875","3.984375","4.3125","226","226","226"
"28416","4.5625","4.4375","4.75","227","227","227","4.21875","4.125","4.28125","227","227","227"
"28544","4.66875","4.5625","4.8125","228","228","228","4.26875","4.15625","4.40625","228","228","228"
"28672","4.76875","4.5625","5","229","229","229","4.3125","4.03125","4.59375","229","229","229"
"28800","4.59375","4.3125","4.75","230","230","230","4.275","3.96875","4.5625","230","230","230"
"28928","4.54375","4.5","4.625","231","231","231","4.1125","3.9375","4.1875","231","231","231"
"29056","4.69375","4.625","4.8125","232","232","232","4.33125","4.15625","4.5","232","232","232"
"29184","4.675","4.625","4.75","233","233","233","4.2625","4.15625","4.5","233","233","233"
"29312","4.66875","4.3125","4.8125","234","234","234","4.15","4.03125","4.375","234","234","234"
"29440","4.54375","4.34375","4.6875","235","235","235","4.19375","3.90625","4.4375","235","235","235"
"29568","4.6875","4.4375","5","236","236","236","4.2","3.9375","4.59375","236","236","236"
"29696","4.50625","4.21875","4.75","237","237","237","4.1875","4","4.375","237","237","237"
"29824","4.71875","4.5625","4.8125","238","238","238","4.31875","4.21875","4.4375","238","238","238"
"29952","4.63125","4.34375","4.75","239","239","239","4.171875","3.890625","4.46875","239","239","239"
"30080","4.69375","4.4375","5","240","240","240","4.3125","4.125","4.59375","240","240","240"
"30208","4.59375","4.4375","4.8125","242","242","242","4.25","4.0625","4.46875","242","242","242"
"30336","4.6625","4.5","5.0625","243","243","243","4.259375","3.984375","4.5625","243","243","243"
"30464","4.675","4.5","4.8125","244","244","244","4.225","4.09375","4.375","244","244","244"
"30592","4.50625","4.28125","4.6875","245","245","245","4.125","3.84375","4.3125","245","245","245"
"30720","4.65625","4.375","4.8125","246","246","246","4.20625","4","4.375","246","246","246"
"30848","4.85625","4.65625","5","247","247","247","4.375","4.25","4.71875","247","247","247"
"30976","4.54375","4.3125","4.875","248","248","248","4.215625","3.984375","4.53125","248","248","248"
"31104","4.65","4.4375","4.8125","249","249","249","4.2875","3.96875","4.53125","249","249","249"
"31232","4.64375","4.5","4.8125","250","250","250","4.1875","4.125","4.3125","250","250","250"
"31360","4.65625","4.3125","4.9375","251","251","251","4.3375","4.25","4.4375","251","251","251"
"31488","4.80625","4.5","5.09375","252","252","252","4.3875","4.125","4.75","252","252","252"
"31616","4.68125","4.46875","4.875","253","253","253","4.1625","4","4.3125","253","253","253"
"31744","4.68125","4.5625","4.875","254","254","254","4.26875","4.1875","4.5625","254","254","254"
"31872","4.6375","4.59375","4.71875","255","255","255","4.128125","3.921875","4.4375","255","255","255"
"32000","4.7375","4.5625","4.9375","256","256","256","4.325","4.125","4.46875","256","256","256"
"32128","4.68125","4.5","4.8125","257","257","257","4.28125","4.125","4.375","257","257","257"
"32256","4.71875","4.53125","4.875","258","258","258","4.3125","3.90625","4.5625","258","258","258"
"32384","4.65625","4.5","4.875","259","259","259","4.21875","3.84375","4.4375","259","259","259"
"32512","4.84375","4.46875","5.0625","260","260","260","4.3125","3.875","4.5625","260","260","260"
"32640","4.6625","4.25","4.9375","261","261","261","4.290625","3.703125","4.625","261","261","261"
"32768","4.8125","4.6875","4.9375","262","262","262","4.3875","4.25","4.4375","262","262","262"
"32896","4.85","4.6875","5","263","263","263","4.41875","4.25","4.59375","263","263","263"
"33024","4.80625","4.625","4.96875","264","264","264","4.35","4.125","4.625","264","264","264"
"33152","4.70625","4.46875","4.9375","265","265","265","4.2375","4","4.4375","265","265","265"
"33280","4.75625","4.59375","5.1875","266","266","266","4.31875","4","4.5","266","266","266"
"33408","4.7375","4.5625","4.875","267","267","267","4.35","4.125","4.625","267","267","267"
"33536","4.875","4.8125","5","268","268","268","4.3375","4.25","4.40625","268","268","268"
"33664","4.7","4.53125","4.9375","269","269","269","4.31875","4.0625","4.5","269","269","269"
"33792","4.8","4.5625","5","270","270","270","4.35","4.21875","4.5","270","270","270"
"33920","4.75625","4.53125","5","271","271","271","4.3625","4.125","4.625","271","271","271"
"34048","4.7","4.5625","4.90625","272","272","272","4.35","4.1875","4.625","272","272","272"
"34176","4.7125","4.5","4.8125","273","273","273","4.325","4.15625","4.4375","273","273","273"
"34304","4.75625","4.5625","4.9375","274","274","274","4.30625","4.0625","4.4375","274","274","274"
"34432","4.75","4.5625","4.9375","275","275","275","4.38125","4.15625","4.71875","275","275","275"
"34560","4.825","4.65625","5","276","276","276","4.33125","4.1875","4.4375","276","276","276"
"34688","4.85","4.75","4.96875","277","277","277","4.425","4.25","4.75","277","277","277"
"34816","4.80625","4.625","5","278","278","278","4.375","4.28125","4.5625","278","278","278"
"34944","4.76875","4.5625","4.875","279","279","279","4.38125","4.0625","4.6875","279","279","279"
"35072","4.8625","4.71875","4.96875","280","280","280","4.34375","4.0625","4.6875","280","280","280"
"35200","4.88125","4.75","5.0625","282","282","282","4.3375","4.1875","4.59375","282","282","282"
"35328","4.81875","4.5625","5.21875","283","283","283","4.3125","4.0625","4.75","283","283","283"
"35456","4.8","4.5","5","284","284","284","4.3625","4.0625","4.75","284","284","284"
"35584","4.88125","4.6875","5.1875","285","285","285","4.41875","4.1875","4.6875","285","285","285"
"35712","4.84375","4.5625","5","286","286","286","4.40625","4.25","4.59375","286","286","286"
"35840","4.925","4.625","5.1875","287","287","287","4.39375","4.1875","4.59375","287","287","287"
"35968","4.875","4.625","5.3125","288","288","288","4.3375","4.1875","4.5","288","288","288"
"36096","4.88125","4.625","5.0625","289","289","289","4.375","4.25","4.5","289","289","289"
"36224","4.84375","4.625","5.0625","290","290","290","4.3625","4.25","4.53125","290","290","290"
"36352","4.7875","4.625","4.90625","291","291","291","4.325","4.1875","4.5","291","291","291"
"36480","4.8875","4.75","5.125","292","292","292","4.43125","4.1875","4.5625","292","292","292"
"36608","4.80625","4.59375","5.0625","293","293","293","4.3","4","4.4375","293","293","293"
"36736","4.7375","4.59375","4.8125","294","294","294","4.35","4.25","4.5625","294","294","294"
"36864","4.925","4.71875","5.125","295","295","295","4.45625","4.0625","4.6875","295","295","295"
"36992","4.80625","4.4375","5.0625","296","296","296","4.4375","4.1875","4.5625","296","296","296"
"37120","4.84375","4.625","5.25","297","297","297","4.43125","4.1875","4.71875","297","297","297"
"37248","4.8625","4.5625","5.0625","298","298","298","4.40625","4.3125","4.59375","298","298","298"
"37376","4.8625","4.5625","5.125","299","299","299","4.4625","4.3125","4.5625","299","299","299"
"37504","4.8","4.5625","4.9375","300","300","300","4.46875","4.3125","4.5625","300","300","300"
"37632","4.91875","4.6875","5.125","301","301","301","4.43125","4.3125","4.59375","301","301","301"
"37760","4.70625","4.25","4.9375","302","302","302","4.375","4.21875","4.53125","302","302","302"
"37888","4.91875","4.75","5.25","303","303","303","4.5625","4.125","4.8125","303","303","303"
"38016","4.8625","4.5625","5.0625","304","304","304","4.46875","4.34375","4.65625","304","304","304"
"38144","4.78125","4.25","5.0625","305","305","305","4.36875","4","4.75","305","305","305"
"38272","4.76875","4.40625","5","306","306","306","4.33125","4.03125","4.5","306","306","306"
"38400","4.83125","4.4375","5.125","307","307","307","4.4","4.0625","4.59375","307","307","307"
"38528","4.79375","4.59375","5.0625","308","308","308","4.2875","4.25","4.375","308","308","308"
"38656","4.8375","4.5625","5.0625","309","309","309","4.4375","4.375","4.5625","309","309","309"
"38784","4.8125","4.5625","5.0625","310","310","310","4.375","4.21875","4.5625","310","310","310"
"38912","4.95625","4.5625","5.1875","311","311","311","4.54375","4.4375","4.65625","311","311","311"
"39040","4.83125","4.5625","5","312","312","312","4.44375","4.25","4.6875","312","312","312"
"39168","4.85","4.5625","5.09375","313","313","313","4.4125","4.3125","4.65625","313","313","313"
"39296","4.83125","4.59375","5.125","314","314","314","4.4875","4.375","4.625","314","314","314"
"39424","4.8875","4.625","5.1875","315","315","315","4.5125","4.34375","4.71875","315","315","315"
"39552","4.89375","4.4375","5.15625","316","316","316","4.45625","4.1875","4.65625","316","316","316"
"39680","4.8","4.65625","5.03125","317","317","317","4.4","4.25","4.5625","317","317","317"
"39808","4.91875","4.6875","5.0625","318","318","318","4.475","4.3125","4.625","318","318","318"
"39936","4.86875","4.6875","5.15625","319","319","319","4.39375","4.125","4.625","319","319","319"
"40064","4.89375","4.59375","5.1875","320","320","320","4.40625","4.3125","4.53125","320","320","320"
"40192","4.94375","4.5625","5.28125","322","322","322","4.45","4.1875","4.8125","322","322","322"
"40320","4.80625","4.625","5","323","323","323","4.3125","4.1875","4.40625","323","323","323"
"40448","4.81875","4.5625","5.0625","324","324","324","4.3375","4.1875","4.4375","324","324","324"
"40576","4.94375","4.8125","5.125","325","325","325","4.46875","4.25","4.5625","325","325","325"
"40704","4.86875","4.5625","5.0625","326","326","326","4.48125","4.21875","4.75","326","326","326"
"40832","5.025","4.84375","5.3125","327","327","327","4.46875","4.15625","4.5625","327","327","327"
"40960","4.84375","4.625","5","328","328","328","4.4125","4.25","4.625","328","328","328"
"41088","4.86875","4.6875","5.0625","329","329","329","4.55625","4.4375","4.625","329","329","329"
"41216","4.80625","4.5","5.0625","330","330","330","4.525","4.4375","4.5625","330","330","330"
"41344","4.8375","4.5","5","331","331","331","4.4125","4.21875","4.5625","331","331","331"
"41472","4.825","4.625","5.03125","332","332","332","4.35625","4.03125","4.5625","332","332","332"
"41600","4.8","4.5625","5.0625","333","333","333","4.4","4.3125","4.5","333","333","333"
"41728","4.9375","4.6875","5.1875","334","334","334","4.60625","4.375","4.8125","334","334","334"
"41856","4.85","4.71875","5","335","335","335","4.43125","4.375","4.5","335","335","335"
"41984","4.95625","4.6875","5.15625","336","336","336","4.45","4.375","4.65625","336","336","336"
"42112","4.8625","4.65625","5.0625","337","337","337","4.50625","4.3125","4.6875","337","337","337"
"42240","4.9375","4.625","5.1875","338","338","338","4.49375","4.375","4.625","338","338","338"
"42368","4.9375","4.8125","5.03125","339","339","339","4.4625","4.125","4.625","339","339","339"
"42496","4.875","4.71875","5","340","340","340","4.45","4.3125","4.625","340","340","340"
"42624","4.96875","4.75","5.375","341","341","341","4.50625","4.375","4.84375","341","341","341"
"42752","4.98125","4.78125","5.1875","342","342","342","4.5875","4.4375","4.6875","342","342","342"
"42880","5.05625","4.875","5.1875","343","343","343","4.6","4.5","4.75","343","343","343"
"43008","5.0125","4.8125","5.25","344","344","344","4.6125","4.46875","4.84375","344","344","344"
"43136","4.775","4.5625","5.0625","345","345","345","4.5375","4.3125","4.8125","345","345","345"
"43264","4.91875","4.75","5.1875","346","346","346","4.50625","4.40625","4.625","346","346","346"
"43392","5.10625","4.9375","5.1875","347","347","347","4.69375","4.5625","4.8125","347","347","347"
"43520","4.96875","4.8125","5.34375","348","348","348","4.61875","4.3125","4.875","348","348","348"
"43648","5.1125","4.875","5.4375","349","349","349","4.5875","4.40625","4.6875","349","349","349"
"43776","4.80625","4.6875","5","350","350","350","4.5","4.25","4.6875","350","350","350"
"43904","5.01875","4.90625","5.25","351","351","351","4.58125","4.40625","4.6875","351","351","351"
"44032","4.8875","4.65625","5.125","352","352","352","4.48125","4.375","4.625","352","352","352"
"44160","4.83125","4.6875","4.875","353","353","353","4.46875","4.25","4.625","353","353","353"
"44288","5.1125","4.8125","5.3125","354","354","354","4.73125","4.5625","4.875","354","354","354"
"44416","4.925","4.8125","5.1875","355","355","355","4.5125","4.34375","4.6875","355","355","355"
"44544","4.94375","4.625","5.25","356","356","356","4.60625","4.25","4.78125","356","356","356"
"44672","4.975","4.75","5.125","357","357","357","4.71875","4.5","4.84375","357","357","357"
"44800","4.91875","4.625","5.25","358","358","358","4.5625","4.40625","4.84375","358","358","358"
"44928","4.94375","4.6875","5.0625","359","359","359","4.6625","4.40625","4.9375","359","359","359"
"45056","4.8875","4.6875","5.0625","360","360","360","4.66875","4.625","4.75","360","360","360"
"45184","4.90625","4.6875","5.25","362","362","362","4.66875","4.4375","4.875","362","362","362"
"45312","4.93125","4.6875","5.21875","363","363","363","4.61875","4.46875","4.8125","363","363","363"
"45440","5.0125","4.8125","5.3125","364","364","364","4.7","4.59375","4.84375","364","364","364"
"45568","4.95625","4.78125","5.1875","365","365","365","4.69375","4.4375","5","365","365","365"
"45696","4.95","4.78125","5.125","366","366","366","4.5875","4.5","4.6875","366","366","366"
"45824","4.89375","4.6875","5.1875","367","367","367","4.625","4.5","4.84375","367","367","367"
"45952","5.0375","4.6875","5.5","368","368","368","4.75","4.5625","4.96875","368","368","368"
"46080","4.875","4.625","5.09375","369","369","369","4.55","4.375","4.6875","369","369","369"
"46208","4.91875","4.625","5.125","370","370","370","4.65","4.5","4.8125","370","370","370"
"46336","5.00625","4.8125","5.4375","371","371","371","4.71875","4.5625","4.875","371","371","371"
"46464","4.975","4.625","5.125","372","372","372","4.7125","4.4375","4.9375","372","372","372"
"46592","5","4.875","5.25","373","373","373","4.775","4.75","4.8125","373","373","373"
"46720","4.85","4.78125","4.9375","374","374","374","4.70625","4.5625","4.90625","374","374","374"
"46848","4.9375","4.75","5.09375","375","375","375","4.7","4.59375","4.875","375","375","375"
"46976","4.975","4.75","5.25","376","376","376","4.68125","4.5","4.96875","376","376","376"
"47104","4.93125","4.75","5.25","377","377","377","4.75625","4.625","4.875","377","377","377"
"47232","5.025","4.71875","5.21875","378","378","378","4.69375","4.59375","4.84375","378","378","378"
"47360","4.86875","4.65625","5","379","379","379","4.68125","4.5","4.8125","379","379","379"
"47488","4.925","4.75","5.09375","380","380","380","4.69375","4.59375","4.75","380","380","380"
"47616","4.90625","4.625","5.1875","381","381","381","4.75","4.625","5","381","381","381"
"47744","4.9375","4.75","5.1875","382","382","382","4.66875","4.375","5","382","382","382"
"47872","5.025","4.625","5.1875","383","383","383","4.68125","4.40625","4.875","383","383","383"
"48000","4.9","4.5625","5.1875","384","384","384","4.6375","4.5","4.90625","384","384","384"
"48128","4.86875","4.6875","5.03125","385","385","385","4.625","4.375","4.78125","385","385","385"
"48256","4.95","4.8125","5.25","386","386","386","4.6875","4.5625","4.8125","386","386","386"
"48384","4.8875","4.6875","5.0625","387","387","387","4.65","4.4375","4.71875","387","387","387"
"48512","4.91875","4.75","5.15625","388","388","388","4.6625","4.625","4.6875","388","388","388"
"48640","5","4.4375","5.28125","389","389","389","4.75","4.4375","5.0625","389","389","389"
"48768","4.925","4.625","5.40625","390","390","390","4.725","4.59375","4.96875","390","390","390"
"48896","5.025","4.6875","5.21875","391","391","391","4.74375","4.65625","4.875","391","391","391"
"49024","4.9375","4.6875","5.1875","392","392","392","4.675","4.5","4.75","392","392","392"
"49152","4.90625","4.625","5.0625","393","393","393","4.70625","4.5","4.8125","393","393","393"
"49280","4.84375","4.6875","5","394","394","394","4.65","4.5625","4.875","394","394","394"
"49408","4.98125","4.6875","5.125","395","395","395","4.74375","4.4375","5","395","395","395"
"49536","4.8375","4.5","5.03125","396","396","396","4.6625","4.5","4.875","396","396","396"
"49664","4.95","4.59375","5.21875","397","397","397","4.71875","4.5","4.9375","397","397","397"
"49792","4.8875","4.625","5.125","398","398","398","4.73125","4.625","4.90625","398","398","398"
"49920","4.96875","4.78125","5.375","399","399","399","4.825","4.75","4.9375","399","399","399"
"50048","4.96875","4.75","5.3125","400","400","400","4.89375","4.84375","5","400","400","400"